<?xml version="1.0" encoding="UTF-8"?>
<!--
# Licensed to the Apache Software Foundation (ASF) under one or more
# contributor license agreements.  See the NOTICE file distributed with
# this work for additional information regarding copyright ownership.
# The ASF licenses this file to You under the Apache License, Version 2.0
# (the "License"); you may not use this file except in compliance with
# the License.  You may obtain a copy of the License at
#
#     http://www.apache.org/licenses/LICENSE-2.0
#
# Unless required by applicable law or agreed to in writing, software
# distributed under the License is distributed on an "AS IS" BASIS,
# WITHOUT WARRANTIES OR CONDITIONS OF ANY KIND, either express or implied.
# See the License for the specific language governing permissions and
# limitations under the License.
-->
<!-- Configuration Reference: https://logging.apache.org/log4j/2.x/manual/configuration.html -->
<Configuration 
	status="INFO" 
	monitorInterval="60"> <!-- dynamically pick up changes to configuration with in 60 seconds of change -->
	<Properties>
		<!-- Reference:  https://logging.apache.org/log4j/2.0/manual/layouts.html#PatternLayout -->
		<!-- jul.format = Format equivivalent to what we been using with JDK's JUL Logger -->
		<Property name="jul.format">%d{dd-MMM-yyyy HH:mm:ss.SSS z} %level [%threadName] %logger - %message{nolookups} %n</Property>
		<!-- new format that includes log4j mdc -->
		<Property name="mdc.format">%d{dd-MMM-yyyy HH:mm:ss.SSS z} %level [%threadName] [%logger] [%X] - %message{nolookups} %n</Property>
		<Property name="cron.daily.rolling">0 0 0 * * ?</Property>
    </Properties>
    <!-- 
    Mapping JUL Log Levels to Log4j2 Log levels. See int value mapping here: https://logging.apache.org/log4j/2.x/manual/customloglevels.html
    This same mapping is used for other contexts such as agent.
    Just for sake of consistency we should keep this mapping same across all contexts. To find all duplicates search 
    for #Log4j2CustomLevelDuplication in source tree 
    -->
    <CustomLevels>
        <CustomLevel name="OFF" intLevel="0" />  <!--  OFF -->
        <CustomLevel name="SEVERE" intLevel="200" />  <!--  ERROR -->
        <CustomLevel name="WARNING" intLevel="300" /> <!--  WARN -->
        <CustomLevel name="INFO" intLevel="400" />    <!--  INFO -->
        <CustomLevel name="CONFIG" intLevel="450" />  <!--  DEBUG -->
        <CustomLevel name="FINE" intLevel="500" />    <!--  DEBUG -->
        <CustomLevel name="FINER" intLevel="600" />   <!--  TRACE -->
        <CustomLevel name="FINEST" intLevel="600" />  <!--  TRACE -->
    </CustomLevels> 
    <Appenders>
		<!-- Reference: https://logging.apache.org/log4j/2.0/manual/appenders.html#RollingFileAppender -->
		<RollingFile name="catalina" fileName="${env:CATALINA_HOME}/logs/catalina.log" filePattern="${env:CATALINA_HOME}/logs/catalina.%d{yyyy-MM-dd}.log" immediateFlush="true" append="true">
			<PatternLayout pattern="${mdc.format}"/>
			<Policies>
				<CronTriggeringPolicy schedule="${cron.daily.rolling}"/>
			</Policies>		
		</RollingFile>		
    </Appenders>
    <Loggers>
		<!-- Reference: https://logging.apache.org/log4j/2.x/manual/configuration.html#Loggers -->
		<!-- Reference: Log4j Levels: https://logging.apache.org/log4j/2.x/manual/customloglevels.html -->
		<!-- Reference: JUL - Log4j Level Mapping: https://logging.apache.org/log4j/2.0/log4j-jul/index.html -->
        <Root level="INFO">
            <AppenderRef ref="catalina"/>
        </Root>

		<!-- Configuration for AeLoggerFactory.getDefaultLogger() Logger -->
		<Logger name="ActiveVOS" level="INFO" additivity="true" />
		
		<!-- Configuration ported from JUL's logging.properties that was in effect before we moved to log4j -->
		<Logger name="org.apache.catalina.core.ContainerBase.[Catalina].[localhost]" level="INFO" additivity="true" />
		<Logger name="org.apache.catalina.core.ContainerBase.[Catalina].[localhost].[/manager]" level="INFO" additivity="true" />
		<Logger name="org.apache.catalina.core.ContainerBase.[Catalina].[localhost].[/host-manager]" level="INFO" additivity="true" />
		
		<Logger name="org.apache.kafka" level="ERROR" additivity="true" />
		<Logger name="akka.actor" level="ERROR" additivity="true" />
		<Logger name="com.informatica.cloud.logging_client" level="ERROR" additivity="true" />

    </Loggers>
</Configuration> 
