<?xml version="1.0" encoding="UTF-8"?>
<tomcat-users>
   <role rolename="abDeveloper"/>
   <role rolename="abDeployer"/>
   <role rolename="abTaskClient"/>
   <role rolename="abServiceConsumer"/>
   <role rolename="abRestrictedServiceConsumer"/>
   <role rolename="abTrust"/>
   <role rolename="abCloudExtendSupport"/>
   <role rolename="tomcat"/>
   <role rolename="role1"/>
   <role rolename="abIdentityListConsumer"/>
   <role rolename="abAdmin"/>
   <role rolename="abTenantAdmin"/>
   <role rolename="ChiefEstimatorGroup"/>
   <role rolename="PowerTrainSpecialistGroup"/>
   <role rolename="ExteriorSpecialistGroup"/>
   <role rolename="InteriorSpecialistGroup"/>
   <role rolename="AccountManagerGroup"/>

   <user username="tomcat" password="tomcat" roles="tomcat"/>
   <user username="role1" password="tomcat" roles="role1"/>
   <user username="both" password="tomcat" roles="tomcat,role1"/>

   <user username="manager" password="manager" roles="AccountManagerGroup,abTaskClient,abServiceConsumer"/>
   <user username="Rob" password="Rob" roles="ChiefEstimatorGroup,abTaskClient,abServiceConsumer"/>
   <user username="chief" password="chief" roles="ChiefEstimatorGroup,abTaskClient,abServiceConsumer"/>
   <user username="power" password="power" roles="PowerTrainSpecialistGroup,abTaskClient,abServiceConsumer"/>
   <user username="exterior" password="exterior" roles="ExteriorSpecialistGroup,abTaskClient,abServiceConsumer"/>
   <user username="interior" password="interior" roles="InteriorSpecialistGroup,abTaskClient,abServiceConsumer"/>
   <user username ="jweber@ce4sf_qa.com" password="bp3luserEaJlcXsf7hOusBtdxOpNIBBo" roles ="abAdmin"/>
   <user username ="wberen@ce4sf_qa.com" password="bp3luserK5yN4Vogl0cezVdha5SjhYhY" roles ="abAdmin"/>
   <user username ="mapps@ce4sf_qa.com" password="bp3luser" roles ="abAdmin"/>
   <user username ="amichael@ce4sf_qa.com" password="bp3luserWArLUeqx1qa7T23dopWwvs9X1" roles ="abAdmin"/>
   <user username ="alevus@ce4sf_qa.com" password="bp3luserNm2JNbGBzXiPzqAweW6czKwAT" roles ="abAdmin"/>
   <user username ="jsaxena@ce4sf_qa.com" password="bp3luserXpoZNevSGScBaNe3g5OkoqDEI" roles ="abAdmin"/>
   <role name="QA"/>
   <role name="Development"/>
   <role name="Developer"/>
   <role name="Marketing"/>

   <user name="aeadmin" password="aeadmin" roles="abAdmin" email="test@active-endpoints.com"/>
   <user name="user0" password="user0" roles="abTaskClient,abServiceConsumer" email="test@active-endpoints.com"/>
   <user name="user1" password="user1" roles="abTaskClient,abServiceConsumer"  email="test@active-endpoints.com"/>
   <user name="user2" password="user2" roles="abTaskClient,abServiceConsumer"  email="test@active-endpoints.com"/>
   <user name="user3" password="user3" roles="abTaskClient,abServiceConsumer, workflowtaskadmin"  email="test@active-endpoints.com"/>
   <user name="qauser1" password="qauser1" roles="abTaskClient,abServiceConsumer"  email="test@active-endpoints.com"/>
   <user name="qa1" password="qa1" roles="abTaskClient,abServiceConsumer"  email="test@active-endpoints.com"/>

   <user name="restricted" password="restricted" roles="abRestrictedServiceConsumer" email="test@active-endpoints.com"/>
   <user name="cesupport" password="cesupport" roles="abCloudExtendSupport" email="test@active-endpoints.com"/>

   <role name="loanreps"/>
   <role name="loanmgrs"/>
   <role name="loancsrs"/>
   <user name="loanrep1" password="loanrep1" roles="abTaskClient,abAdmin,abServiceConsumer,loanreps"/>
   <user name="loanrep2" password="loanrep2" roles="abTaskClient,abServiceConsumer,loanreps"/>
   <user name="loanrep3" password="loanrep3" roles="abTaskClient,abServiceConsumer,loanreps"/>
   <user name="loanmgr1" password="loanmgr1" roles="abTaskClient,abServiceConsumer,loanmgrs,abTenantAdmin"/>
   <user name="loanmgr2" password="loanmgr2" roles="abTaskClient,abServiceConsumer,loanmgrs,abTenantAdmin"/>
   <user name="loancsr1" password="loancsr1" roles="abTaskClient,abServiceConsumer,loancsrs"/>
 
   <user name="CN=proxy.salesforce.com, OU=Application, O=&quot;Salesforce.com, Inc.&quot;, L=San Francisco, ST=California, C=US" password="null" roles="abRestrictedServiceConsumer" />
   <user name="CN=proxy.salesforce.com, OU=Applications, O=&quot;Salesforce.com, Inc.&quot;, L=San Francisco, ST=California, C=US" password="null" roles="abRestrictedServiceConsumer" />
   <user name="CN=informatica.com, OU=Development, O=Informatica, L=Redwood, ST=CA, C=US" password="password" roles="abAdmin,abTrust" email="test@active-endpoints.com"/>
   
   <!--  Florence haproxy(icsdev) and central service users -->
   <user username="CN=icrt, OU=Informatica Cloud Services, O=Informatica, L=Redwood City, ST=CA, C=US" roles="abAdmin,abTrust" email="icrtdev@informatica.com" password="null" />
   <user username="CN=icsdev, OU=Informatica Cloud Services, O=Informatica, L=Redwood City, ST=CA, C=US" roles="abAdmin,abTrust" email="icsdev-haproxy@informatica.com" password="null"  />
       
</tomcat-users>
